,visit_id,detector_id,band,day_obs,x,y,fwhm,dg_chi2,gh_chi2,moffat_chi2,shapelet_chi2,dg_a1,dg_sigma1,dg_a2,dg_sigma2,gh_A,gh_x0,gh_y0,gh_sigma_x,gh_sigma_y,gh_h3x,gh_h4x,gh_h3y,gh_h4y,gh_B,moffat_A,moffat_x0,moffat_y0,moffat_alpha,moffat_beta,moffat_B,sh_c0_0,sh_c0_1,sh_c0_2,sh_c0_3,sh_c0_4,sh_c0_5,sh_c0_6,sh_c1_0,sh_c1_1,sh_c1_2,sh_c1_3,sh_c1_4,sh_c1_5,sh_c2_0,sh_c2_1,sh_c2_2,sh_c2_3,sh_c2_4,sh_c3_0,sh_c3_1,sh_c3_2,sh_c3_3,sh_c4_0,sh_c4_1,sh_c4_2,sh_c5_0,sh_c5_1,sh_c6_0
0,2026040600118,4,i,20260406,3376.219,49.316,6.5263,1.1e-07,6e-08,7e-08,5e-08,0.016871,2.4616,0.002688,4.4465,0.018908,20.197,20.301,2.7978,2.6987,0.005279,0.000918,0.001774,0.001426,4.628e-05,0.019671,20.184,20.298,8.9731,6.2444,3.049e-05,0.091983,0.007191,0.002377,0.001127,0.003314,-0.00103,0.000268,0.004155,0.001909,0.003234,0.000176,-0.000952,-0.000193,0.004322,0.001954,0.002462,-0.000846,0.000587,0.003738,-1.2e-05,-0.000581,-0.000719,0.002553,-0.000944,0.000443,-0.000677,-0.00081,0.001122
1,2026040600118,4,i,20260406,1394.356,213.163,6.5604,8e-08,3e-08,4e-08,1e-08,0.01742,2.4908,0.002329,4.5153,0.019168,20.336,20.153,2.7149,2.7662,0.004683,0.000977,0.001489,0.001116,4.332e-05,0.019823,20.329,20.15,9.8358,7.3648,3.179e-05,0.093,0.0033,0.003293,0.001163,0.002544,-0.000477,0.000756,0.007861,0.003803,0.003094,-0.000487,-0.000704,-2.5e-05,0.002411,0.001607,0.002054,-0.000801,0.000608,0.003124,-0.000603,-0.000932,-2.7e-05,0.002824,-0.001189,0.00077,-0.000891,-2.1e-05,0.000661
2,2026040600118,4,i,20260406,621.607,268.709,6.4865,1e-07,2e-08,2e-08,0.0,0.018367,2.6696,0.000742,6.0853,0.019213,19.596,19.701,2.7367,2.7364,0.004564,0.001084,0.001527,0.001059,4.327e-05,0.01991,19.588,19.699,9.5616,7.0296,3.071e-05,0.092646,-0.006767,0.004271,0.000739,0.001859,-0.000697,0.001381,-0.009552,0.00403,0.00153,-0.001491,-0.00025,0.000392,0.004909,-0.000508,0.001061,-0.000451,0.001278,0.002587,-0.001276,-0.000419,0.000316,0.001285,-0.000462,0.001431,-0.000839,0.000311,0.001783
3,2026040600118,4,i,20260406,2278.485,380.572,6.6114,1.7e-07,3e-08,4e-08,1e-08,0.01756,2.7089,0.000833,5.9615,0.018524,20.472,19.572,2.76,2.8367,0.003363,0.000845,0.001929,0.000775,4.224e-05,0.01902,20.468,19.569,11.3797,9.1971,3.332e-05,0.090817,-0.010247,0.005429,0.000874,0.001283,-0.000548,0.001546,0.011286,0.002762,0.001863,-0.001262,-0.000194,2.5e-05,0.003641,0.002227,0.00111,-0.000994,0.001368,0.002346,-0.000668,-0.000721,0.000122,0.00242,-0.001185,0.001116,-0.000714,0.00021,0.000751
4,2026040600118,4,i,20260406,2073.259,423.75,6.6147,7e-08,2e-08,3e-08,0.0,0.017989,2.6774,0.000842,5.8779,0.018609,20.245,19.747,2.7568,2.8257,0.003553,0.000794,0.001658,0.000859,4.228e-05,0.019112,20.24,19.744,11.3065,9.1324,3.343e-05,0.091926,-0.006145,0.00463,0.00096,0.001628,-0.000749,0.001259,0.005886,0.003711,0.00205,-0.000902,-0.000276,0.000134,0.002957,0.00183,0.001127,-0.001015,0.001239,0.002455,-0.000739,-0.000747,-8.6e-05,0.002037,-0.000941,0.001191,-0.001147,0.000123,0.001038
5,2026040600118,13,i,20260406,887.632,155.784,6.1805,1e-07,3e-08,3e-08,1e-08,0.019595,2.5523,0.000865,5.8708,0.020422,19.622,19.779,2.6548,2.6213,0.003932,0.001224,0.001248,0.001116,4.878e-05,0.021233,19.615,19.778,8.8311,6.533,3.558e-05,0.095036,-0.005159,0.004371,0.000611,0.002167,-0.000694,0.001227,-0.009444,0.004911,0.000643,-0.001664,3.1e-05,0.000478,0.00599,-0.000768,0.001316,-0.000323,0.001269,0.002144,-0.001821,-0.000476,0.000406,0.001893,-0.000467,0.001293,-0.000812,0.000503,0.001487
6,2026040600118,13,i,20260406,2811.497,186.021,6.1418,1.3e-07,4e-08,4e-08,3e-08,0.019061,2.3788,0.002295,4.5536,0.020884,20.488,20.017,2.6021,2.6081,0.003148,0.00167,-0.000616,0.001216,4.679e-05,0.02184,20.483,20.019,8.1412,5.8162,3.321e-05,0.095809,7.8e-05,0.00385,-0.000303,0.002556,0.000168,0.001066,0.012611,0.003101,0.00125,-0.000906,0.000133,0.000328,0.004532,0.000437,0.001678,-0.000272,0.001199,0.002126,-0.001066,-0.000398,0.00026,0.004145,-0.00062,0.000966,0.000129,6.3e-05,0.000829
7,2026040600118,13,i,20260406,415.102,324.426,6.2085,1e-07,2e-08,2e-08,0.0,0.019394,2.4307,0.00189,4.7355,0.020888,20.092,20.421,2.6175,2.623,0.003861,0.001277,2.8e-05,0.001192,4.295e-05,0.021798,20.084,20.422,8.3759,6.0377,2.758e-05,0.096584,0.010905,0.004524,0.000296,0.002547,0.000252,0.00103,0.001737,0.004111,0.002628,-0.000923,-0.000543,0.000184,0.003446,0.00045,0.002167,-0.000277,0.000831,0.002856,-0.000638,-0.000766,0.000112,0.002874,-0.000341,0.000941,-0.000834,6.5e-05,0.001267
8,2026040600118,13,i,20260406,1742.771,326.565,6.1801,1.6e-07,6e-08,6e-08,4e-08,0.019191,2.4766,0.001792,4.7675,0.020782,19.767,19.562,2.6492,2.6388,0.004482,0.001384,-0.000267,0.001199,3.502e-05,0.021744,19.757,19.564,8.1939,5.7295,1.802e-05,0.096615,-0.010966,0.005201,-0.000611,0.002446,-0.000586,0.00159,-0.005751,0.004909,-0.000187,-0.001798,0.000656,0.000293,0.005103,-0.001149,0.002043,-0.000373,0.001139,0.00268,-0.002327,-0.000592,0.000619,0.002397,-6.4e-05,0.001383,-0.0004,0.000955,0.001346
9,2026040600118,13,i,20260406,3348.023,492.193,6.1598,1e-07,8e-08,8e-08,6e-08,0.019793,2.3709,0.002323,4.4451,0.021446,20.013,20.189,2.6143,2.5724,0.00408,0.001586,-0.000132,0.00133,3.695e-05,0.022468,20.004,20.19,7.8995,5.5672,2.119e-05,0.098636,0.005172,0.003073,-9e-05,0.002684,-2.3e-05,0.001377,-1.9e-05,0.003445,0.001433,-0.000747,6.8e-05,0.000426,0.004046,0.000137,0.001572,0.000128,0.001307,0.002993,-0.001073,-0.000915,0.000212,0.00346,-0.000279,0.001074,-0.000819,0.000588,0.000474
10,2026040600118,22,i,20260406,3721.619,46.127,6.3296,1.1e-07,3e-08,4e-08,2e-08,0.019453,2.4958,0.001378,5.1062,0.020697,19.606,20.131,2.5221,2.7342,0.003648,0.00181,-0.002193,0.00071,4.528e-05,0.021581,19.608,20.139,8.2647,5.8651,2.866e-05,0.095969,0.003379,0.005438,-0.00147,0.001593,0.000738,0.001626,-0.010429,-0.000451,-0.000737,-0.000803,0.000764,-8e-05,0.001312,-0.000907,0.002014,0.00032,0.000943,0.003079,-0.000842,-0.000332,0.000766,0.002702,-3.2e-05,0.001041,-0.001559,0.000428,0.001198
11,2026040600118,22,i,20260406,1558.249,215.864,6.3578,7e-08,3e-08,4e-08,2e-08,0.018704,2.5981,0.000707,6.5349,0.019106,20.243,19.863,2.6188,2.7906,0.004961,0.000924,-0.002385,0.000613,6.338e-05,0.019561,20.245,19.87,11.3577,9.738,5.52e-05,0.091649,-0.003071,0.006195,-0.001821,0.001725,0.000512,0.001559,0.006035,0.001727,-0.000379,-0.001292,0.00043,0.000158,0.002174,0.000154,0.001038,-0.00023,0.001652,0.003168,-0.001274,-0.000137,0.000468,0.002538,-0.000652,0.00122,-0.001242,0.000286,0.001033
12,2026040600118,22,i,20260406,2601.959,512.966,6.4085,2e-08,1e-08,2e-08,0.0,0.019009,2.5883,0.000956,5.6753,0.019567,19.953,19.966,2.6164,2.8228,0.003217,0.001213,-0.002479,0.000638,4.271e-05,0.02016,19.954,19.973,10.2485,8.0347,3.236e-05,0.094415,-0.000573,0.006418,-0.00183,0.001657,0.000461,0.001513,-0.00119,0.001491,-0.000774,-0.001258,0.000739,0.000158,0.001518,-0.000452,0.00126,0.000212,0.001183,0.002177,-0.00121,-0.000152,0.00047,0.002295,-0.000233,0.001199,-0.000923,0.000417,0.001272
13,2026040600118,22,i,20260406,1170.265,686.75,6.3739,8e-08,2e-08,3e-08,1e-08,0.018802,2.5462,0.001383,5.1309,0.019815,20.252,19.748,2.6199,2.8048,0.004807,0.001442,-0.001648,0.000661,3.692e-05,0.020439,20.253,19.754,9.9546,7.6588,2.644e-05,0.094881,-0.006001,0.006541,-0.001649,0.001736,0.00047,0.001712,0.006608,0.00212,-0.000605,-0.001128,0.000985,-5.2e-05,0.001865,-4.2e-05,0.001056,-0.000115,0.001376,0.002975,-0.001396,-0.000384,0.000242,0.003354,-0.000623,0.00123,-0.000655,0.000165,0.000621
14,2026040600118,22,i,20260406,1043.214,853.48,6.3738,1.3e-07,2e-08,3e-08,1e-08,0.018767,2.5783,0.001168,5.307,0.019882,20.198,20.477,2.6088,2.7886,0.005494,0.00141,-0.001895,0.000516,4.177e-05,0.020449,20.2,20.484,10.3002,8.1983,3.162e-05,0.09433,0.011369,0.007315,6e-06,0.001063,-0.000148,0.001761,0.004672,0.003517,0.000554,-0.001513,0.000164,0.000156,0.001627,-1e-05,0.001081,-0.000252,0.001358,0.003691,-0.000889,-0.000536,0.000275,0.003416,-0.000529,0.001188,-0.001191,-5.2e-05,0.000598
15,2026040600118,31,i,20260406,2082.7,108.044,6.3284,7e-08,2e-08,3e-08,1e-08,0.01886,2.5373,0.00132,5.2837,0.019942,19.684,20.039,2.7297,2.6242,0.005846,0.0014,0.000272,0.001376,4.317e-05,0.020939,19.667,20.035,7.8539,5.2184,2.271e-05,0.094456,0.001085,0.002688,0.000207,0.002697,-0.000437,0.00117,-0.008015,0.001499,0.003548,-0.00039,-0.000568,-0.000143,0.006133,0.001334,0.001764,-0.000605,0.001144,0.003665,-0.000264,-0.001154,0.000142,0.002022,-0.000703,0.00109,-0.001189,-0.000105,0.001841
16,2026040600118,31,i,20260406,1812.913,179.81,6.3473,1.2e-07,1e-07,1e-07,8e-08,0.017681,2.5058,0.002372,4.4418,0.01957,19.909,19.804,2.7872,2.677,0.005881,0.001309,-0.000249,0.001248,3.234e-05,0.020486,19.892,19.8,8.3504,5.5916,1.351e-05,0.094611,-0.00491,0.003668,-0.000108,0.002367,-0.001011,0.001151,-0.002577,0.001755,0.003688,-0.000537,-0.000746,0.000288,0.006415,0.001937,0.002119,-0.000657,0.001315,0.003988,-0.000726,-0.001064,-6.8e-05,0.00251,-0.000686,0.000927,-0.001171,0.000231,0.001558
17,2026040600118,31,i,20260406,3022.33,210.545,6.2868,1.8e-07,6e-08,7e-08,5e-08,0.018576,2.4537,0.00179,5.0046,0.020081,20.314,19.545,2.7137,2.5852,0.005562,0.001201,-0.00027,0.001524,5.109e-05,0.021008,20.298,19.543,8.073,5.5587,3.36e-05,0.093502,-0.011792,0.002778,0.000274,0.002939,-0.000597,0.001313,0.007547,0.000713,0.001967,-0.001577,-0.000188,-1.7e-05,0.005181,0.001281,0.001779,-0.000898,0.001112,0.004061,-0.000672,-0.000616,0.000548,0.003349,-0.000897,0.001051,-0.000871,-0.00059,0.001329
18,2026040600118,31,i,20260406,252.882,226.677,6.339,1.3e-07,8e-08,9e-08,6e-08,0.01886,2.481,0.001869,4.7935,0.020409,19.872,19.676,2.7334,2.5937,0.004968,0.001094,0.000951,0.001807,3.522e-05,0.021491,19.855,19.669,7.5468,4.9245,1.209e-05,0.096043,-0.00848,0.002297,0.001026,0.003225,-0.000919,0.000958,-0.003197,0.003048,0.003466,-0.001035,-0.00087,0.000252,0.00559,0.001833,0.001869,-0.001174,0.001284,0.003361,-0.000305,-0.001048,0.00019,0.00196,-0.000553,0.001507,-0.001097,9e-06,0.001622
19,2026040600118,31,i,20260406,1223.645,361.87,6.3809,1.2e-07,6e-08,6e-08,4e-08,0.018693,2.5447,0.001358,5.1839,0.019923,19.626,19.865,2.686,2.6643,0.005439,0.001485,0.000595,0.001457,4.314e-05,0.020941,19.611,19.862,7.7953,5.1602,2.33e-05,0.094204,-0.003195,0.003261,0.000407,0.002777,-0.000428,0.001457,-0.009335,0.002276,0.003153,-0.000584,-0.000462,0.000221,0.004909,0.001238,0.001414,-0.000282,0.001009,0.003504,-0.001009,-0.00121,0.000112,0.001882,-0.000638,0.001232,-0.001448,0.000257,0.001701
20,2026040600118,40,i,20260406,1610.639,103.978,5.9363,8e-08,2e-08,2e-08,1e-08,0.021107,2.392,0.001435,5.047,0.022273,19.637,19.979,2.5603,2.4927,0.004048,0.001322,-0.000789,0.001423,4.608e-05,0.023329,19.629,19.979,7.7061,5.5795,2.952e-05,0.099372,-0.000895,0.003367,-0.000544,0.003008,-3.7e-05,0.001067,-0.010167,-0.002948,0.000751,-0.000117,2.7e-05,-6.2e-05,0.006473,0.000571,0.001854,-0.000332,0.001236,0.002419,5e-06,-0.000229,-9.4e-05,0.002058,-0.00063,0.001294,-0.000865,-1.3e-05,0.001941
21,2026040600118,40,i,20260406,3184.259,152.338,5.9526,1e-07,1e-08,1e-08,0.0,0.020349,2.305,0.002415,4.457,0.02223,20.254,20.339,2.5424,2.5064,0.00374,0.001471,-0.001232,0.001427,4.701e-05,0.023364,20.245,20.341,7.4182,5.2433,2.864e-05,0.098954,0.009685,0.004186,-0.000835,0.00274,0.000618,0.001339,0.00702,-0.001571,0.001676,0.00042,-5.3e-05,-0.000157,0.00449,-0.00023,0.002502,0.000175,0.000949,0.002791,0.000218,-0.000553,-0.000366,0.003656,2.9e-05,0.00097,-0.000385,-0.000257,0.001266
22,2026040600118,40,i,20260406,913.592,264.278,5.8898,1.8e-07,6e-08,7e-08,5e-08,0.021051,2.347,0.001648,4.9807,0.022612,19.586,20.281,2.5094,2.46,0.004304,0.001706,-0.001855,0.001681,5.195e-05,0.023953,19.574,20.284,6.7369,4.5969,3.01e-05,0.098818,0.00777,0.00376,-0.00144,0.003077,0.000803,0.001585,-0.011532,-0.003099,0.001338,-1e-06,-0.000487,-0.000101,0.005859,0.000949,0.002107,8.9e-05,0.001081,0.002858,-0.00072,-0.000828,-0.000628,0.002684,-0.000744,0.001445,-0.000699,-3.7e-05,0.002091
23,2026040600118,40,i,20260406,3548.385,469.101,5.9254,9e-08,1e-08,1e-08,0.0,0.020259,2.2136,0.00335,4.0966,0.0228,20.376,20.103,2.5011,2.4855,0.003844,0.00146,-0.001351,0.001545,4.601e-05,0.024022,20.367,20.105,7.1381,5.0218,2.615e-05,0.10039,0.003237,0.00321,-0.001039,0.003228,0.000561,0.001043,0.010631,-0.001924,0.001653,0.000164,-0.000106,-0.000141,0.004046,-0.000635,0.002782,0.000162,0.000874,0.002768,-4.3e-05,-0.000449,-0.000203,0.003901,-0.000204,0.000751,-0.000313,-0.000266,0.000994
24,2026040600118,40,i,20260406,1661.707,516.869,5.9298,6e-08,1e-08,1e-08,0.0,0.021179,2.3755,0.001516,4.9901,0.022323,19.705,19.87,2.5512,2.4936,0.003569,0.001285,-0.00092,0.001343,4.732e-05,0.023389,19.697,19.87,7.6781,5.5606,2.987e-05,0.099564,-0.003912,0.003551,-0.000656,0.002865,0.000167,0.001323,-0.008429,-0.002302,0.001264,3.2e-05,-0.000229,-0.000212,0.005918,0.000526,0.002044,-0.000498,0.001398,0.002224,-6.5e-05,-0.000384,-8.7e-05,0.002211,-0.000566,0.001389,-0.000771,-3e-05,0.001733
25,2026040600118,49,i,20260406,3896.53,186.338,5.8004,2e-07,2e-08,3e-08,1e-08,0.021838,2.3755,0.001471,4.864,0.023611,19.525,20.339,2.4336,2.4973,0.003536,0.001608,-0.002423,0.001406,3.914e-05,0.024828,19.517,20.345,7.1719,5.1533,2.027e-05,0.10178,0.0095,0.006371,-0.001502,0.002545,0.001117,0.001433,-0.013881,-0.004095,0.000933,-4.5e-05,-0.000462,-0.000335,0.005469,0.000241,0.00174,0.000209,0.001455,0.002484,-0.00018,-0.000647,0.000175,0.002322,-0.000414,0.001442,-0.001395,-3.2e-05,0.001581
26,2026040600118,49,i,20260406,1026.866,245.146,5.8948,3e-08,1e-08,1e-08,0.0,0.021777,2.276,0.002103,4.5626,0.023208,19.861,20.148,2.4864,2.4516,0.00273,0.001509,-0.001518,0.00161,4.633e-05,0.024471,19.854,20.152,7.027,4.9767,2.704e-05,0.101667,0.004353,0.002982,-0.001211,0.003223,0.000724,0.001221,-0.00408,-0.001334,0.001295,-0.000261,-0.000428,-0.000153,0.003988,-0.000763,0.002084,0.000115,0.001206,0.002011,-0.000356,-0.000609,6.3e-05,0.003017,-5e-05,0.001309,-0.000692,0.000123,0.001381
27,2026040600118,49,i,20260406,3036.896,289.273,5.797,9e-08,5e-08,5e-08,4e-08,0.022175,2.3131,0.00142,5.2157,0.023102,19.893,20.275,2.4481,2.4729,0.00206,0.001228,-0.001689,0.001546,5.473e-05,0.024291,19.889,20.277,7.2262,5.242,3.608e-05,0.100655,0.007942,0.005058,-0.001067,0.003118,0.000484,0.001398,-0.00307,-0.001941,0.000428,-7.4e-05,-0.00019,-0.000393,0.003856,0.000546,0.002416,-0.0001,0.001058,0.001512,-0.000716,-0.000494,0.0005,0.002524,-0.000219,0.001209,-0.000375,0.000443,0.001686
28,2026040600118,49,i,20260406,812.844,504.907,5.9143,8e-08,7e-08,7e-08,7e-08,0.020822,2.3194,0.001539,5.4433,0.021598,19.846,19.91,2.5417,2.4832,0.001911,0.001258,-0.001033,0.00209,6.49e-05,0.022918,19.839,19.912,6.6889,4.4612,4.133e-05,0.096433,-0.00258,0.003084,-0.000755,0.004167,0.000916,0.0022,-0.004327,-0.001069,0.001875,-1.8e-05,-0.000452,-0.000437,0.004996,3.9e-05,0.002012,0.000331,0.001444,0.001086,-0.000356,-0.000263,-0.000145,0.002581,-0.000639,0.0017,0.000263,0.000475,0.001691
29,2026040600118,49,i,20260406,2547.981,532.756,5.8113,1.2e-07,9e-08,9e-08,8e-08,0.021198,2.2536,0.002846,4.2002,0.023259,19.979,19.758,2.4913,2.4948,0.003402,0.001528,-0.001195,0.001527,3.473e-05,0.024483,19.972,19.76,7.2363,5.141,1.632e-05,0.102583,-0.007035,0.004983,-0.001074,0.003415,0.000218,0.001639,-0.000993,-0.002524,0.001568,-0.001162,-0.000172,0.000112,0.004792,0.000249,0.002208,7.7e-05,0.001241,0.002552,-0.000768,-0.000385,1.7e-05,0.003189,-0.000656,0.000928,-0.000966,-0.000397,0.001511
30,2026040600118,58,i,20260406,1866.068,183.204,5.807,8e-08,6e-08,6e-08,5e-08,0.021913,2.2355,0.002327,4.4701,0.023492,20.061,20.205,2.3714,2.5208,0.002732,0.001889,-0.002032,0.001245,5.025e-05,0.024804,20.056,20.212,6.7854,4.7688,2.864e-05,0.101848,0.005965,0.006136,-0.0013,0.002572,0.001026,0.001535,0.001766,-1.5e-05,0.001398,-0.000887,-0.000248,0.000282,0.001451,-0.000506,0.002511,0.000308,0.001367,0.00194,-0.001127,-0.000342,-2e-05,0.004058,-0.000108,0.001185,-0.000357,-0.000261,0.000755
31,2026040600118,58,i,20260406,2279.96,228.989,5.835,2e-08,1e-08,2e-08,1e-08,0.020992,2.2175,0.002904,4.2722,0.022933,19.954,19.988,2.4087,2.5493,0.003623,0.0022,-0.002302,0.001255,4.67e-05,0.024327,19.947,19.995,6.5775,4.437,2.269e-05,0.100904,-0.000137,0.006058,-0.001726,0.002868,0.000358,0.001597,-0.001513,9.9e-05,0.001322,-0.000979,0.000124,-6.6e-05,0.002147,-0.000172,0.002598,-4.2e-05,0.001317,0.00265,-0.001187,-0.000327,0.000223,0.004445,-0.000577,0.001044,-0.000473,0.000114,0.000938
32,2026040600118,58,i,20260406,1660.476,296.064,5.8009,1.6e-07,4e-08,4e-08,3e-08,0.020952,2.1845,0.003139,4.2178,0.023445,20.467,20.068,2.3769,2.5135,0.002107,0.002145,-0.002168,0.001495,4.847e-05,0.024925,20.463,20.074,6.3819,4.3258,2.454e-05,0.1008,0.002193,0.005451,-0.001421,0.003165,0.000666,0.001382,0.013978,-0.000709,0.00109,-0.001146,0.000697,-8e-05,0.002684,0.000393,0.002675,-0.000469,0.001791,0.000685,-0.001083,4.1e-05,-5.5e-05,0.004631,-0.000737,0.001107,0.000955,-0.00013,0.001065
33,2026040600118,58,i,20260406,632.221,557.937,5.8146,4e-08,1e-08,2e-08,0.0,0.021259,2.1737,0.003283,4.1005,0.023545,20.213,19.938,2.3792,2.5201,0.003735,0.001913,-0.001824,0.001264,4.71e-05,0.024886,20.207,19.944,6.7376,4.7037,2.489e-05,0.102197,-0.001633,0.005499,-0.00134,0.002938,0.000118,0.001452,0.006414,5.6e-05,0.001253,-0.001076,0.000253,5.7e-05,0.001595,-0.000443,0.00281,-0.000213,0.001182,0.002325,-0.000891,-0.000213,0.000249,0.004424,-0.000311,0.000878,-0.000329,0.000181,0.00075
34,2026040600118,58,i,20260406,3216.564,590.373,5.9381,1.9e-07,3e-08,4e-08,2e-08,0.021073,2.4507,0.001207,5.1142,0.022605,19.563,20.369,2.4644,2.5854,0.00313,0.001821,-0.003095,0.001043,3.804e-05,0.023653,19.558,20.377,7.6856,5.552,2.129e-05,0.099847,0.010169,0.007332,-0.001653,0.001735,0.000929,0.001579,-0.012539,-0.001753,0.001157,-0.000304,-0.000298,-1.7e-05,0.004351,-0.000307,0.001319,0.000518,0.001703,0.002483,-0.000227,-0.000441,-4.5e-05,0.002689,0.00022,0.001257,-0.001806,-0.0,0.001346
35,2026040600118,67,i,20260406,1008.608,73.566,5.8944,2e-07,1e-08,4e-08,1e-08,0.019943,2.279,0.00277,4.363,0.022539,19.602,19.555,2.3279,2.685,0.002837,0.002184,-0.003936,0.00113,4.738e-05,0.023822,19.597,19.572,6.6551,4.4466,2.288e-05,0.098429,-0.01106,0.00925,-0.004133,0.004058,-0.000206,0.001531,-0.011911,0.001792,0.000435,-0.000734,0.000402,-0.000584,0.000784,0.000689,0.001953,-4.8e-05,0.001164,0.002874,-0.00134,-0.000362,0.000164,0.003538,-0.000622,0.001322,-0.001324,0.000671,0.001149
36,2026040600118,67,i,20260406,450.742,220.974,5.8946,1.1e-07,6e-08,8e-08,4e-08,0.020337,2.2544,0.002859,4.3317,0.022484,19.737,19.967,2.3688,2.6517,0.002194,0.00216,-0.004517,0.001123,4.622e-05,0.02383,19.732,19.985,6.5605,4.3284,1.911e-05,0.099616,-0.00036,0.008165,-0.003628,0.002957,0.000905,0.00183,-0.007945,0.001188,0.001043,-0.0014,0.000452,-0.000283,0.000841,0.000174,0.002784,1e-06,0.001506,0.002126,-0.000652,-0.000242,-0.000191,0.003925,-0.000525,0.001229,-0.001075,0.000267,0.001461
37,2026040600118,67,i,20260406,3622.366,231.946,5.9776,1.2e-07,1e-08,5e-08,0.0,0.020173,2.3169,0.002382,4.4868,0.022081,20.362,19.933,2.3371,2.7478,0.002705,0.002004,-0.003855,0.000569,4.849e-05,0.023005,20.36,19.953,7.6265,5.4185,2.895e-05,0.098523,-0.001185,0.009537,-0.003057,0.002055,0.000759,0.001919,0.010756,-0.000112,0.001991,-0.001435,0.000379,8.9e-05,-0.000808,0.001121,0.002234,-0.000296,0.001502,0.000693,-0.000416,-0.000362,0.000141,0.004503,-0.001023,0.000994,-1.8e-05,-0.000118,0.000333
38,2026040600118,67,i,20260406,2159.772,508.882,5.9415,8e-08,2e-08,6e-08,1e-08,0.020206,2.3207,0.002343,4.5165,0.021998,19.77,19.874,2.3619,2.7228,0.003273,0.002161,-0.004815,0.000934,4.648e-05,0.023107,19.766,19.896,7.0886,4.8019,2.42e-05,0.098546,-0.002541,0.009286,-0.004125,0.003055,0.000813,0.001695,-0.006822,0.001708,0.000829,-0.001116,0.000375,-0.000426,0.000306,0.000599,0.001833,0.000336,0.001334,0.00281,-0.001164,-0.000388,-1.9e-05,0.003823,-0.00071,0.001254,-0.001276,0.000356,0.000937
39,2026040600118,67,i,20260406,3413.508,524.187,5.9836,2e-07,1e-08,6e-08,0.0,0.020645,2.4097,0.001459,5.0679,0.02237,19.502,20.176,2.3108,2.7302,0.002265,0.002178,-0.004961,0.000748,4.883e-05,0.023436,19.498,20.201,7.1088,4.8963,2.685e-05,0.098293,0.004989,0.009978,-0.003152,0.001895,0.00069,0.001943,-0.014914,-0.000851,0.000393,-0.000308,0.000208,-0.000368,-4.3e-05,0.0004,0.001537,0.000323,0.001497,0.003189,-0.00075,-0.000776,-4.2e-05,0.003484,-0.00042,0.001378,-0.001649,0.000297,0.00106
40,2026040600118,76,i,20260406,3010.88,70.199,5.9259,4e-08,2e-08,2e-08,1e-08,0.020996,2.3856,0.001548,4.9509,0.022072,19.86,20.205,2.5579,2.5271,0.003783,0.001253,-0.001416,0.001311,4.52e-05,0.023083,19.853,20.205,7.884,5.7328,2.832e-05,0.099357,0.005685,0.004689,-0.000857,0.002611,0.000309,0.001477,-0.003988,-0.001178,0.001064,-0.000152,-0.000267,-0.000146,0.005498,0.000855,0.002188,-0.000294,0.001234,0.002677,9e-06,-0.000418,-0.000102,0.002406,-0.000373,0.001114,-0.00126,0.00014,0.001711
41,2026040600118,76,i,20260406,1292.299,79.665,6.1505,1.6e-07,8e-08,9e-08,7e-08,0.018878,2.4052,0.002383,4.5565,0.020649,20.288,19.672,2.7188,2.5937,0.004936,0.001317,-0.002928,0.001268,3.374e-05,0.021554,20.275,19.673,8.3671,5.8844,1.755e-05,0.096548,-0.008393,0.00352,-0.001952,0.002972,0.000164,0.001194,0.006632,-0.002559,0.002349,-0.001115,-9.2e-05,9.5e-05,0.006403,-0.000496,0.002184,-0.000782,0.001157,0.003926,-0.000445,-0.000833,5.6e-05,0.003529,-0.00098,0.000679,-0.000327,-3.1e-05,0.001524
42,2026040600118,76,i,20260406,3622.585,184.627,5.8383,1.9e-07,6e-08,6e-08,5e-08,0.019499,2.4836,0.000756,7.1088,0.02046,19.573,19.631,2.5717,2.5168,0.005027,0.001308,-0.000285,0.00131,8.436e-05,0.0215,19.562,19.63,7.4244,5.1736,6.424e-05,0.091327,-0.009801,0.005748,-0.000552,0.003005,-7e-05,0.001396,-0.01127,-0.000847,0.001488,0.000362,0.000403,0.000261,0.008121,0.000676,0.001951,3.7e-05,0.001602,0.002413,-0.000257,0.000118,-7.8e-05,0.002045,-0.000269,0.001831,-0.000739,0.000446,0.001775
43,2026040600118,76,i,20260406,2495.985,316.0,6.1484,2e-08,1e-08,2e-08,0.0,0.019315,2.4403,0.001772,4.8667,0.020445,19.972,20.011,2.7055,2.5781,0.003728,0.001308,-0.002423,0.001207,4.578e-05,0.021403,19.961,20.011,8.0824,5.6062,2.763e-05,0.095851,0.000331,0.003113,-0.001636,0.002394,0.000452,0.001485,-0.001017,4e-05,0.00231,-0.000701,-0.00055,-0.000116,0.006294,0.000881,0.002335,-0.00042,0.00121,0.00263,-0.000131,-0.000545,-0.000143,0.00289,-0.000535,0.001094,-0.000733,-0.000149,0.001342
44,2026040600118,76,i,20260406,1997.531,344.075,6.2319,1.1e-07,1e-08,2e-08,0.0,0.019174,2.5969,0.000854,5.8422,0.02013,19.52,20.083,2.7064,2.634,0.00434,0.001068,-0.00295,0.001116,4.447e-05,0.020915,19.51,20.084,8.9462,6.5343,2.963e-05,0.094564,0.002027,0.004081,-0.002029,0.002076,0.000595,0.001628,-0.012053,-0.001343,0.002123,-0.00033,-0.000307,-0.000264,0.007302,0.000673,0.001449,-0.0002,0.001367,0.002103,-6.4e-05,-0.000614,-0.000145,0.001332,-0.000463,0.001356,-0.00087,2.7e-05,0.001928
45,2026040600118,85,i,20260406,1050.703,159.607,5.7975,2e-07,7e-08,7e-08,6e-08,0.021277,2.2235,0.002631,4.3527,0.023554,19.696,19.608,2.3746,2.4849,0.004038,0.001949,-0.00113,0.001305,5.511e-05,0.025011,19.689,19.612,6.4411,4.4358,3.055e-05,0.100627,-0.011273,0.005699,-0.001208,0.003315,-8.5e-05,0.001208,-0.009444,-0.000365,0.001334,-0.000534,0.00044,-0.0007,0.002635,-0.00036,0.002895,-0.000866,0.00124,0.003119,-0.001,-2.9e-05,0.000369,0.003386,-0.000742,0.001222,-0.000479,-0.000116,0.001278
46,2026040600118,85,i,20260406,2764.985,218.007,5.8597,4e-08,3e-08,4e-08,2e-08,0.020912,2.248,0.002706,4.3354,0.022711,19.982,20.004,2.4141,2.5817,0.003899,0.001832,-0.001802,0.0012,4.657e-05,0.024005,19.975,20.011,6.8563,4.6877,2.307e-05,0.100648,0.000301,0.006612,-0.001319,0.002859,0.000291,0.001388,-0.000702,-0.000999,0.001624,-0.000414,0.000113,-0.000273,0.001958,-0.000621,0.002894,1e-05,0.001338,0.002785,-0.000667,6.9e-05,-1.4e-05,0.003703,-0.000781,0.001335,-0.000703,-1.1e-05,0.00126
47,2026040600118,85,i,20260406,2120.039,253.326,5.8171,7e-08,1e-08,1e-08,0.0,0.021161,2.2189,0.002745,4.3418,0.023157,20.033,20.325,2.4063,2.5126,0.003855,0.001834,-0.001035,0.001343,5.161e-05,0.024563,20.026,20.328,6.5776,4.4971,2.705e-05,0.100722,0.009357,0.005988,-0.000339,0.002878,0.000288,0.001431,0.000947,-0.00132,0.001596,-9.4e-05,0.000213,-0.000486,0.002232,-0.000732,0.003136,-0.00048,0.001192,0.002749,-0.000502,0.000109,-0.000367,0.003918,-0.000531,0.001188,-0.000329,-0.000176,0.001376
48,2026040600118,85,i,20260406,282.031,540.227,5.7991,6e-08,4e-08,3e-08,3e-08,0.021064,2.2204,0.002796,4.3133,0.022993,20.029,20.227,2.4333,2.5069,0.002981,0.001835,-0.001675,0.001453,4.993e-05,0.024423,20.021,20.232,6.5561,4.4453,2.554e-05,0.100654,0.006603,0.005671,-0.000966,0.002996,0.000315,0.001605,0.000752,-0.001629,0.001987,-0.00042,-0.000246,0.000198,0.00314,-0.0007,0.003069,5.8e-05,0.001266,0.002099,-0.000259,-0.000134,-4e-05,0.003883,-8.6e-05,0.000937,4.9e-05,-0.000225,0.001261
49,2026040600118,85,i,20260406,1528.744,613.511,5.7836,1.8e-07,1e-08,2e-08,0.0,0.021225,2.1894,0.002982,4.2625,0.023878,19.733,19.512,2.3557,2.4761,0.004144,0.002188,-0.001003,0.001409,5.182e-05,0.025524,19.725,19.515,6.0195,4.0187,2.249e-05,0.101133,-0.014091,0.006099,-0.001154,0.003286,-0.000564,0.001641,-0.008362,0.000129,0.00146,-0.001147,0.000242,-0.00019,0.002083,-0.000406,0.003267,-0.000948,0.001335,0.003331,-0.000973,-0.000312,5.3e-05,0.003846,-0.000748,0.001094,-0.001037,1.5e-05,0.001224
50,2026040600118,94,i,20260406,1201.14,132.85,5.5615,9e-08,7e-08,7e-08,6e-08,0.021441,1.9858,0.005254,3.5831,0.025329,20.133,19.854,2.3161,2.35,0.002948,0.001955,-0.000688,0.001714,5.689e-05,0.026995,20.126,19.856,6.0058,4.2346,3.24e-05,0.10489,-0.004629,0.004031,-0.000501,0.004054,0.000357,0.000322,0.004167,0.000223,0.000802,-0.000816,0.000111,-0.000613,0.002778,-0.0001,0.003403,-0.000337,0.001161,0.001988,-0.000884,-0.000327,-6.1e-05,0.004408,-0.000443,0.001535,5e-05,0.000501,0.001211
51,2026040600118,94,i,20260406,2215.847,179.93,5.572,7e-08,6e-08,5e-08,5e-08,0.022436,2.0896,0.003597,3.9233,0.024981,19.841,19.928,2.3211,2.3895,0.00154,0.001886,-0.001961,0.001576,5.549e-05,0.026536,19.836,19.932,6.248,4.4438,3.279e-05,0.104413,-0.002152,0.004944,-0.001534,0.003662,0.000354,0.001219,-0.005155,-0.000124,0.001363,-0.000116,-0.000295,-0.000687,0.003092,-0.000219,0.002885,-0.000214,0.001224,0.001296,-0.00046,-0.000494,-4.9e-05,0.003926,0.000104,0.001259,-0.00053,-0.000108,0.001154
52,2026040600118,94,i,20260406,1565.105,224.006,5.5723,5e-08,5e-08,4e-08,4e-08,0.022262,2.0708,0.004173,3.831,0.025168,20.099,20.007,2.361,2.3935,0.001695,0.002027,-0.001121,0.001625,3.999e-05,0.02684,20.094,20.01,6.0871,4.199,1.401e-05,0.106123,0.00027,0.004865,-0.000887,0.003624,0.00051,0.001385,0.0031,0.000491,0.001148,-0.000406,9.5e-05,-0.000172,0.003922,-0.000256,0.003105,0.000113,0.000791,0.001332,-0.000997,-0.000111,0.000128,0.004558,-0.000369,0.00154,-0.000813,0.000263,0.001119
53,2026040600118,94,i,20260406,505.671,222.206,5.5525,1.1e-07,2e-08,1e-08,1e-08,0.022216,2.1064,0.003769,3.8987,0.025322,19.667,20.211,2.3454,2.3717,0.002058,0.001887,-0.001457,0.00191,4.442e-05,0.027106,19.661,20.214,5.8569,4.0029,1.634e-05,0.105236,0.006687,0.005152,-0.001195,0.004031,0.00102,0.001113,-0.0107,-0.000768,0.001248,-0.000228,-0.00014,-0.000182,0.004844,-0.000337,0.003122,0.000116,0.000963,0.001683,-0.000599,-0.000514,-6.2e-05,0.003597,0.000134,0.000896,-0.000999,0.000152,0.001606
54,2026040600118,94,i,20260406,1490.856,250.612,5.5733,1.4e-07,3e-08,3e-08,3e-08,0.023325,2.1139,0.003105,4.1665,0.025744,19.849,19.612,2.3106,2.3807,0.003616,0.001915,-0.000964,0.001751,4.23e-05,0.027531,19.841,19.615,5.8353,4.01,1.296e-05,0.106346,-0.012257,0.005571,-0.000828,0.00411,-0.000413,0.001295,-0.005095,0.000221,0.001355,-0.000399,-0.000349,-0.00049,0.002881,-4.2e-05,0.003065,-0.000559,0.001058,0.00285,-0.000839,-0.000388,0.000119,0.003729,-0.00066,0.001208,-0.000955,0.000497,0.001407
55,2026040600118,103,i,20260406,2692.786,86.814,5.6777,1.2e-07,7e-08,7e-08,6e-08,0.022362,2.2108,0.002354,4.4478,0.024019,19.784,19.817,2.3282,2.5063,0.001784,0.001894,-0.002746,0.001362,5.055e-05,0.025406,19.78,19.824,6.6016,4.6559,2.894e-05,0.102625,-0.005191,0.00697,-0.002299,0.003623,-0.000149,0.001112,-0.006933,-0.001075,0.001154,-7.2e-05,-0.000151,-0.00027,0.002193,0.000381,0.002142,-0.000436,0.001145,0.001604,-0.000156,-0.000533,-0.000351,0.003741,-0.000314,0.001346,-0.000485,-0.000269,0.000994
56,2026040600118,103,i,20260406,991.712,91.82,5.6589,1.1e-07,2e-08,4e-08,1e-08,0.021649,2.1112,0.003759,3.9482,0.024622,19.704,19.826,2.2557,2.517,0.002175,0.00215,-0.002757,0.001413,5.002e-05,0.026261,19.698,19.837,5.9738,4.0541,2.157e-05,0.103519,-0.005156,0.007677,-0.002525,0.003864,0.000337,0.001186,-0.009859,-0.002826,0.001886,-0.000469,-0.000289,-0.000141,0.000638,-0.00019,0.002973,5e-06,0.001066,0.002366,-0.000308,-0.00054,-9.6e-05,0.004059,-9e-05,0.001016,-0.001095,1e-06,0.001138
57,2026040600118,103,i,20260406,3638.914,320.81,5.6771,6e-08,2e-08,4e-08,1e-08,0.021929,2.0918,0.003826,3.9355,0.024656,19.909,19.812,2.2579,2.5177,0.001788,0.002074,-0.002542,0.001447,4.885e-05,0.026244,19.904,19.821,6.0965,4.1842,2.25e-05,0.104137,-0.005373,0.007343,-0.002261,0.003828,2.7e-05,0.001432,-0.00317,-0.002507,0.001424,-0.000558,-0.000116,-6.7e-05,-0.00034,0.000279,0.002935,-9.1e-05,0.001119,0.001595,-7.4e-05,-0.000624,9e-06,0.004305,-0.000653,0.000923,-0.000641,1.9e-05,0.001162
58,2026040600118,103,i,20260406,3369.723,390.637,5.6937,2.2e-07,9e-08,1.1e-07,8e-08,0.020629,2.1293,0.003779,3.9833,0.023752,19.719,19.636,2.2716,2.5585,0.002352,0.002104,-0.003298,0.001293,5.785e-05,0.0253,19.715,19.65,6.088,4.0986,2.946e-05,0.100678,-0.010047,0.008475,-0.003363,0.004252,0.000236,0.000995,-0.009138,-0.001287,0.001391,-0.000127,8.4e-05,-0.0004,0.00071,0.000407,0.002952,-0.000499,0.000444,0.002337,-0.000455,-0.000338,-0.000243,0.003952,-0.000207,0.000969,-0.000874,-0.00021,0.001156
59,2026040600118,103,i,20260406,3183.474,405.877,5.7004,1.6e-07,2e-08,3e-08,1e-08,0.020885,2.1505,0.003569,4.0561,0.023789,20.471,19.877,2.3087,2.5552,0.001944,0.001902,-0.003351,0.001416,4.946e-05,0.02522,20.467,19.889,6.4324,4.4217,2.504e-05,0.101393,-0.002878,0.007537,-0.00272,0.003718,0.000383,0.001584,0.014517,-0.002261,0.002034,-0.000659,0.000285,-0.000278,0.002051,-0.000368,0.00309,-0.000229,0.001085,0.000483,-0.000197,0.000234,-0.000261,0.004212,-0.000336,0.001066,0.000622,-9.3e-05,0.00083
60,2026040600118,112,i,20260406,766.067,156.155,6.0409,8e-08,2e-08,7e-08,1e-08,0.019992,2.3871,0.001872,4.7748,0.021409,20.068,20.149,2.3487,2.8188,0.002424,0.002155,-0.0033,0.00046,4.849e-05,0.022296,20.061,20.166,7.6534,5.3076,2.831e-05,0.097346,0.004016,0.010938,-0.001914,0.001774,0.000809,0.001722,0.001861,-0.00148,0.002979,-0.000538,-0.000131,-0.000426,-0.001698,-0.001011,0.001718,5e-06,0.001602,0.001417,-0.000181,-0.000409,-0.00025,0.004457,0.00025,0.00106,-0.000541,-0.000155,0.000367
61,2026040600118,112,i,20260406,638.615,211.312,6.0314,2.1e-07,5e-08,1e-07,4e-08,0.019764,2.4539,0.001804,4.7043,0.021708,19.616,20.308,2.371,2.8219,0.001911,0.002188,-0.004263,0.000742,3.293e-05,0.022728,19.609,20.329,7.3753,4.9594,1.139e-05,0.098166,0.007895,0.011968,-0.001925,0.001904,0.000716,0.00187,-0.01129,-0.002,0.000966,-5.5e-05,-0.000662,-0.000278,0.000182,-0.00128,0.001196,-0.000302,0.001904,0.002457,8.3e-05,-0.000735,0.000131,0.003714,0.000544,0.001273,-0.001319,0.000252,0.000988
62,2026040600118,112,i,20260406,3518.147,349.814,6.124,1e-07,4e-08,8e-08,3e-08,0.020017,2.406,0.002154,4.4858,0.02167,20.149,19.801,2.4185,2.8136,0.001729,0.002025,-0.002548,0.000273,2.853e-05,0.022411,20.144,19.813,8.695,6.4499,1.385e-05,0.099757,-0.004519,0.009663,-0.002736,0.001664,0.000589,0.001595,0.004051,-0.002299,0.002536,-0.000975,-0.000581,-0.000534,-0.000818,0.000552,0.00131,-0.000195,0.001494,0.000787,-0.000315,-0.000306,-0.000574,0.00414,-0.000326,0.001214,0.000186,2.9e-05,0.000759
63,2026040600118,112,i,20260406,2029.022,482.086,6.0655,7e-08,2e-08,7e-08,1e-08,0.019717,2.373,0.002349,4.4375,0.021515,20.023,20.075,2.3786,2.8169,0.001846,0.002152,-0.003373,0.000352,3.986e-05,0.022392,20.016,20.092,7.8494,5.4856,2.011e-05,0.098467,0.0023,0.010594,-0.002217,0.001628,0.000538,0.001624,0.000531,-0.002455,0.002473,-0.000142,-5.2e-05,-0.000677,-0.001314,-0.000322,0.001936,-4.5e-05,0.001593,0.001258,-0.000127,-0.000753,-0.000396,0.004377,-0.000267,0.001073,-0.000353,-0.000137,0.000538
64,2026040600118,112,i,20260406,664.948,568.741,6.0051,1.2e-07,5e-08,9e-08,4e-08,0.020394,2.3436,0.002177,4.5614,0.02202,19.946,19.74,2.3489,2.7719,0.002238,0.001892,-0.003194,0.000421,4.413e-05,0.022902,19.941,19.756,7.8229,5.5888,2.411e-05,0.099207,-0.006149,0.010111,-0.00361,0.002505,0.000885,0.001149,-0.00181,-0.00066,0.002163,-0.001078,-6.1e-05,0.000395,-0.001428,-0.000771,0.002061,0.000179,0.001574,0.001648,-0.000715,-0.000178,0.000182,0.003851,-6.6e-05,0.000806,-0.000909,7.6e-05,0.000616
65,2026040600118,121,i,20260406,3441.338,106.428,6.0176,1.8e-07,3e-08,3e-08,1e-08,0.020477,2.3623,0.002033,4.5548,0.022378,20.325,20.436,2.5824,2.4757,0.003657,0.001061,-0.001907,0.001265,4.518e-05,0.023343,20.315,20.438,8.0734,6.023,2.879e-05,0.099286,0.012789,0.003335,-0.001468,0.002092,0.000967,0.001502,0.009197,-0.003185,0.001179,0.00061,-0.000264,-0.000326,0.005202,-0.000881,0.002479,0.000152,0.000776,0.002972,0.000614,-0.000281,-0.000303,0.003166,-0.000183,0.000818,-0.000695,-0.000495,0.001095
66,2026040600118,121,i,20260406,1925.028,147.811,6.2436,8e-08,6e-08,7e-08,4e-08,0.019832,2.4949,0.001242,5.2692,0.020632,20.026,19.817,2.6854,2.5963,0.005338,0.000754,-0.002062,0.001048,4.561e-05,0.021278,20.015,19.818,9.5886,7.4887,3.142e-05,0.096673,-0.004748,0.002748,-0.001487,0.002428,0.001179,0.001386,0.000149,-0.004167,0.002253,-0.000574,-0.000179,3.2e-05,0.00516,-0.00083,0.001814,-0.000324,0.001185,0.004009,-0.000224,-0.001199,7.1e-05,0.001838,-0.000333,0.00169,-0.002131,-0.000207,0.001305
67,2026040600118,121,i,20260406,2636.425,179.884,6.1468,1.6e-07,8e-08,9e-08,6e-08,0.019324,2.3758,0.002018,4.7913,0.020738,20.419,19.892,2.6578,2.5427,0.004497,0.000926,-0.002672,0.001202,5.767e-05,0.021567,20.408,19.893,8.4661,6.2098,4.037e-05,0.095252,-0.002324,0.00207,-0.001838,0.002761,0.001337,0.001034,0.010234,-0.004674,0.002485,5e-06,-0.000476,0.000388,0.005505,-0.001236,0.00283,-0.000456,0.001185,0.003729,0.00014,-0.000438,-0.000179,0.003338,-0.00023,0.001041,-0.001097,-0.00101,0.000709
68,2026040600118,121,i,20260406,1963.252,564.538,6.2373,1.4e-07,4e-08,4e-08,1e-08,0.018796,2.4099,0.002347,4.4845,0.020717,20.246,19.545,2.6822,2.5897,0.005543,0.000917,-0.001856,0.001089,4.408e-05,0.021471,20.234,19.546,9.0414,6.796,2.893e-05,0.096089,-0.011552,0.003187,-0.001202,0.002768,0.000281,0.000834,0.005242,-0.005712,0.003244,-0.001083,-0.000459,0.000347,0.004717,-0.0014,0.002533,-0.000662,0.00108,0.004205,-0.000666,-0.000963,3.3e-05,0.002771,-0.000771,0.000895,-0.001139,5e-05,0.000968
69,2026040600118,121,i,20260406,2466.312,930.419,6.1733,1.7e-07,4e-08,5e-08,2e-08,0.019894,2.5029,0.001206,5.2519,0.021097,20.306,20.422,2.6674,2.5612,0.004399,0.000684,-0.002672,0.001085,4.473e-05,0.021776,20.297,20.424,9.5103,7.5298,3.118e-05,0.09689,0.011732,0.003878,-0.0017,0.001506,0.001,0.002039,0.008165,-0.003832,0.000637,5e-06,-0.000345,-8.2e-05,0.005611,-0.001403,0.001806,4.1e-05,0.001426,0.003674,0.000726,-0.000351,-0.000377,0.002513,0.000154,0.001033,-0.001311,-0.00034,0.001034
70,2026040600118,130,i,20260406,1618.273,501.959,5.7599,5e-08,2e-08,2e-08,1e-08,0.02093,2.1669,0.003307,4.1277,0.023205,20.27,19.961,2.4756,2.43,0.003218,0.001707,-0.00128,0.00149,5.31e-05,0.024599,20.261,19.963,6.6332,4.5807,3.005e-05,0.100827,-0.000835,0.003437,-0.00085,0.003179,9.1e-05,0.001518,0.007572,-0.002976,0.001561,-0.000477,-4e-05,-0.000147,0.004932,-0.000504,0.003265,-0.000551,0.001217,0.002377,-0.000336,-4.3e-05,-0.000117,0.004146,-0.000372,0.000887,7.1e-05,3.9e-05,0.00123
71,2026040600118,130,i,20260406,3965.032,515.907,5.8011,1e-07,1e-07,1e-07,8e-08,0.021161,2.17,0.003997,3.8656,0.024074,20.03,19.908,2.485,2.4542,0.003415,0.001408,-0.00158,0.001562,2.654e-05,0.025461,20.02,19.912,6.8349,4.7548,2.92e-06,0.105378,-0.002703,0.003796,-0.001242,0.003483,0.000784,0.001147,0.000506,-0.004138,0.002401,-0.000643,-0.000169,-0.000879,0.004596,-0.001043,0.0034,-0.00054,0.001149,0.002509,-0.000461,-0.000857,-0.000206,0.003097,-0.000154,0.001071,0.000292,0.00016,0.001449
72,2026040600118,130,i,20260406,1118.384,516.129,5.7645,1e-07,2e-08,2e-08,1e-08,0.020603,2.1576,0.003682,4.0171,0.023393,20.383,20.132,2.4871,2.4218,0.003918,0.001611,-0.001164,0.001491,4.862e-05,0.024756,20.373,20.134,6.7171,4.666,2.554e-05,0.101256,0.004237,0.00331,-0.000831,0.003081,0.000435,0.001461,0.010951,-0.001908,0.001487,-0.000236,-0.000142,4e-05,0.005498,-0.000562,0.003332,-0.000189,0.001055,0.003068,-0.000312,-0.000233,-0.000169,0.004396,-0.000253,0.000839,-2e-05,-0.0002,0.001103
73,2026040600118,130,i,20260406,1517.751,662.411,5.7545,1.4e-07,3e-08,3e-08,2e-08,0.021331,2.2925,0.001925,4.7565,0.023033,19.752,20.412,2.5052,2.4028,0.003702,0.001644,-0.001154,0.001556,5.674e-05,0.024395,19.742,20.414,6.6504,4.5934,3.381e-05,0.099398,0.011888,0.004221,-0.000858,0.002867,0.000756,0.001599,-0.006842,-0.003569,0.000733,0.000247,-4.4e-05,-0.000535,0.006449,0.00033,0.00275,2.8e-05,0.001168,0.002485,-2.1e-05,-0.000442,-0.000499,0.003054,-1e-06,0.00139,-0.000928,-0.000308,0.002023
74,2026040600118,130,i,20260406,2650.978,844.249,5.7489,5e-08,2e-08,1e-08,0.0,0.021634,2.1675,0.003104,4.1627,0.023869,19.973,20.253,2.4517,2.3883,0.003248,0.001586,-0.00155,0.001903,5.061e-05,0.025421,19.963,20.256,6.2485,4.2518,2.457e-05,0.102358,0.007694,0.003172,-0.001354,0.003751,0.000751,0.001205,-0.00075,-0.002895,0.001199,-1.3e-05,-0.000254,-0.000329,0.004528,-0.000498,0.003107,0.000155,0.000974,0.002445,-0.000212,-0.00045,-0.000198,0.003424,-5.9e-05,0.000982,-0.000698,-3.6e-05,0.001479
75,2026040600118,139,i,20260406,4015.09,134.479,5.6954,1.8e-07,7e-08,6e-08,4e-08,0.02096,2.2522,0.002496,4.4712,0.023074,20.092,20.477,2.4565,2.4629,0.002227,0.001718,-0.002061,0.00164,5.207e-05,0.024606,20.086,20.482,6.3,4.1983,2.436e-05,0.099667,0.013967,0.006893,-0.000954,0.003004,0.000673,0.001654,0.003271,-0.005186,0.000261,-0.000418,0.000378,-0.000664,0.005063,-0.000854,0.003307,0.000435,0.001205,0.001647,-0.000415,0.000953,-0.000758,0.003872,-7.6e-05,0.001117,2e-05,-0.000291,0.001197
76,2026040600118,139,i,20260406,111.729,249.857,5.892,6e-08,2e-08,1e-08,0.0,0.021314,2.2639,0.002357,4.4666,0.023055,19.725,19.856,2.4502,2.4922,0.002612,0.001746,-0.00198,0.001333,4.922e-05,0.024409,19.719,19.86,6.758,4.6624,2.609e-05,0.100856,-0.004275,0.004036,-0.001466,0.003005,0.000259,0.001403,-0.008226,-0.002484,0.001976,0.000115,-0.000426,-0.000401,0.003417,0.000329,0.002723,-0.000355,0.001115,0.002001,-0.000423,-0.000427,-0.000285,0.003247,-0.000593,0.001127,-0.000666,-2e-06,0.001209
77,2026040600118,139,i,20260406,2338.775,360.833,5.6711,6e-08,2e-08,1e-08,0.0,0.022243,2.0786,0.003673,4.0141,0.024874,19.763,19.837,2.3496,2.3718,0.002787,0.001889,-0.001665,0.001937,5.296e-05,0.026709,19.756,19.842,5.7104,3.8411,2.216e-05,0.104021,-0.005219,0.003268,-0.00107,0.004327,-0.000143,0.001139,-0.007678,-0.002801,0.001598,-0.000133,-9.7e-05,-0.000422,0.003045,-0.000638,0.00363,-0.000448,0.001101,0.002231,-0.000534,-0.000164,-0.000361,0.003654,-0.000346,0.001144,-0.000585,-4e-06,0.001484
78,2026040600118,139,i,20260406,2806.142,574.457,5.6749,1.7e-07,4e-08,4e-08,2e-08,0.022287,2.123,0.003352,4.1076,0.025078,20.134,20.462,2.3626,2.3709,0.003378,0.001897,-0.002218,0.001893,4.594e-05,0.026822,20.125,20.466,5.8934,4.0157,1.771e-05,0.104339,0.014615,0.004889,-0.001784,0.003345,0.001003,0.00156,0.004621,-0.003306,0.00076,-0.000121,0.000605,-0.000248,0.002779,-0.000806,0.003212,-0.000131,0.001162,0.002397,4.5e-05,0.000239,-0.000505,0.004382,-0.000254,0.001137,-0.00044,-0.000685,0.001445
79,2026040600118,139,i,20260406,1185.252,894.185,5.7575,7e-08,3e-08,2e-08,1e-08,0.02116,2.1673,0.003275,4.1524,0.0235,20.249,20.186,2.4267,2.4603,0.00307,0.001655,-0.002182,0.001656,4.961e-05,0.025006,20.24,20.191,6.3681,4.3145,2.321e-05,0.101584,0.005777,0.004727,-0.001537,0.003377,0.000601,0.001394,0.007383,-0.002429,0.001729,3.6e-05,-0.000274,-0.000186,0.003669,-0.000922,0.003504,-1.9e-05,0.001092,0.002158,-0.000196,2.7e-05,-0.000145,0.003928,-0.000134,0.000854,-0.000124,-7e-06,0.001217
80,2026040600118,148,i,20260406,4002.349,103.744,6.0368,1.4e-07,5e-08,6e-08,2e-08,0.020988,2.2297,0.002792,4.3016,0.023132,20.343,19.745,2.348,2.601,0.002248,0.001923,-0.001652,0.00079,4.967e-05,0.024298,20.339,19.751,7.1059,5.0442,2.794e-05,0.100854,-0.006359,0.005382,-0.001633,0.002205,0.00064,0.001619,0.010005,-0.005986,0.00192,-0.000452,-0.000215,1.3e-05,-0.001253,-0.001275,0.003177,-7.3e-05,0.000878,0.000467,0.000344,-0.0001,-0.00042,0.004325,-0.000173,0.00086,0.000324,-0.000592,0.00036
81,2026040600118,148,i,20260406,1962.986,249.625,5.6247,1.7e-07,9e-08,1e-07,7e-08,0.022455,2.2402,0.001768,4.9461,0.023666,19.988,19.622,2.324,2.5082,0.002473,0.001681,-0.001394,0.001117,6.195e-05,0.024876,19.985,19.627,6.9857,5.1049,4.222e-05,0.10084,-0.010678,0.008106,-0.002127,0.003263,0.00069,0.00193,-0.000973,-0.004508,0.001432,-0.000608,-0.000465,-0.000695,0.002212,-0.000312,0.002568,0.000329,0.000996,0.001951,0.000926,-0.000422,-0.001011,0.003584,0.000211,0.000731,-0.000942,-0.000516,0.001341
82,2026040600118,148,i,20260406,1458.833,321.001,5.5581,4e-08,2e-08,2e-08,1e-08,0.023007,2.12,0.003201,4.0526,0.02524,19.831,20.003,2.302,2.4265,0.001852,0.001915,-0.001726,0.001342,4.733e-05,0.026805,19.828,20.008,6.2452,4.411,2.216e-05,0.105746,-1e-06,0.006253,-0.001387,0.003106,0.000573,0.0018,-0.005563,-0.003875,0.000789,7.6e-05,-0.000212,-0.000319,0.00271,-0.00021,0.003322,-8e-06,0.001114,0.001598,0.000161,-0.000222,-0.000227,0.003931,-0.000134,0.000867,-0.000758,-0.000203,0.001065
83,2026040600118,148,i,20260406,1179.901,387.905,5.5278,3e-08,2e-08,2e-08,1e-08,0.023344,2.1146,0.002983,4.1468,0.025297,19.899,19.907,2.2965,2.4114,0.00202,0.001821,-0.001778,0.001398,5.104e-05,0.02684,19.894,19.912,6.28,4.482,2.682e-05,0.10561,-0.002894,0.006153,-0.001525,0.003372,0.000339,0.001607,-0.003514,-0.0038,0.00123,-0.000265,-0.000194,-0.000141,0.002705,-0.000621,0.003226,-4.9e-05,0.001287,0.001635,0.000169,-0.000217,-0.000173,0.003789,-4.7e-05,0.001121,-0.000621,-7e-05,0.001428
84,2026040600118,148,i,20260406,3328.467,494.043,5.8411,2.2e-07,9e-08,1.1e-07,6e-08,0.020195,2.2633,0.003231,4.0904,0.02295,20.471,20.037,2.3943,2.6377,0.00284,0.001754,-0.00166,0.000776,3.67e-05,0.024036,20.466,20.044,7.5168,5.39,1.675e-05,0.10115,0.00202,0.008354,-0.001271,0.002261,0.000636,0.001287,0.014092,-0.0056,0.002038,-0.000245,-0.000172,0.000389,0.002518,-0.002246,0.003051,0.000491,0.000912,0.001444,-0.000296,-0.000394,0.000207,0.004153,1.4e-05,0.000829,0.000297,-0.000244,0.00102
85,2026040600118,157,i,20260406,1925.486,65.236,5.7855,2.3e-07,6e-08,8e-08,3e-08,0.021349,2.3005,0.002117,4.5073,0.023425,20.478,20.237,2.3187,2.6091,0.002193,0.001966,-0.002684,0.000746,4.793e-05,0.024442,20.474,20.247,7.5342,5.599,3.11e-05,0.100791,0.007426,0.008864,-0.00136,0.001904,0.00095,0.001672,0.014977,-0.0039,0.002495,-8.6e-05,-0.000518,-0.000295,0.001732,-0.003236,0.001849,0.000219,0.001603,0.000514,-0.00088,-3e-06,-0.000155,0.004415,0.000221,0.001491,0.000389,0.000486,0.000605
86,2026040600118,157,i,20260406,1945.969,406.54,5.8138,1.7e-07,5e-08,7e-08,3e-08,0.020629,2.203,0.003314,4.076,0.023334,19.963,19.544,2.3189,2.6144,0.001566,0.002072,-0.0019,0.000792,4.794e-05,0.024452,19.958,19.551,7.1975,5.1806,2.864e-05,0.101042,-0.012313,0.009012,-0.002882,0.003001,0.000451,0.001493,-0.001888,-0.004422,0.002549,-0.000724,-0.000293,1.3e-05,-0.000306,-0.001093,0.00249,-7.2e-05,0.001525,0.001252,-3.4e-05,-0.000442,0.000142,0.004263,-0.000241,0.001119,-0.000666,0.000124,0.000637
87,2026040600118,157,i,20260406,3241.061,458.058,5.922,1.5e-07,1.2e-07,1.4e-07,8e-08,0.021233,2.319,0.002049,4.5575,0.022687,20.057,20.062,2.3515,2.6733,0.00317,0.001978,-0.003661,0.000527,4.58e-05,0.023649,20.051,20.076,7.6522,5.5529,2.648e-05,0.100805,0.002075,0.008748,-0.002546,0.001669,0.000697,0.001515,0.001721,-0.00559,0.002865,-0.000281,-0.000194,-0.000626,-0.000352,-0.002621,0.00207,0.000629,0.001513,0.002088,2.5e-05,-0.000464,-0.000222,0.004188,0.000685,0.00116,-0.001143,-0.000537,0.000585
88,2026040600118,157,i,20260406,652.777,594.392,5.7522,1.6e-07,5e-08,6e-08,2e-08,0.02163,2.2461,0.002455,4.3908,0.02378,19.767,20.402,2.3197,2.5535,0.001504,0.00202,-0.001073,0.00116,4.829e-05,0.025193,19.76,20.407,6.4819,4.4588,2.304e-05,0.101795,0.010952,0.008494,0.000111,0.002501,0.000673,0.002015,-0.006609,-0.006575,0.001194,0.000482,-0.00058,-0.000728,0.001219,-0.001608,0.002637,0.000169,0.001661,0.001522,0.000818,-0.00038,-0.000517,0.003819,0.000408,0.001181,-0.001366,-0.000302,0.001223
89,2026040600118,157,i,20260406,2983.183,621.115,5.9078,8e-08,3e-08,5e-08,0.0,0.020942,2.3348,0.001924,4.6968,0.022309,20.181,20.116,2.3779,2.6734,0.001927,0.001938,-0.002947,0.000672,4.82e-05,0.023302,20.176,20.128,7.6264,5.4799,2.953e-05,0.099523,0.003614,0.00877,-0.001945,0.001783,0.000921,0.001923,0.005422,-0.005357,0.002419,2.6e-05,-0.000526,-2e-05,0.000599,-0.002481,0.002227,0.00038,0.00136,0.000973,0.000362,-0.00037,-0.000293,0.004098,0.000604,0.001112,-0.000114,-0.000161,0.000806
90,2026040600118,166,i,20260406,1803.036,72.539,6.0526,1.2e-07,4e-08,4e-08,1e-08,0.01952,2.4559,0.00155,5.0296,0.020722,20.034,19.538,2.6504,2.6003,0.003389,0.000806,-0.003729,0.00101,4.943e-05,0.021429,20.028,19.541,9.3555,7.2643,3.533e-05,0.095759,-0.01182,0.005251,-0.003118,0.003262,0.000963,0.001156,-0.000106,-0.005222,0.002417,-0.000502,-0.000566,3.1e-05,0.00599,-0.00116,0.002269,-0.000352,0.001057,0.002556,-0.000518,-0.000372,-0.000105,0.001909,-0.00032,0.001387,-0.001069,0.000339,0.001642
91,2026040600118,166,i,20260406,1493.17,161.977,6.0674,9e-08,7e-08,8e-08,5e-08,0.020147,2.42,0.001606,4.9663,0.021132,20.164,19.981,2.6314,2.5749,0.004837,0.000969,-0.002919,0.001161,4.603e-05,0.021973,20.154,19.984,8.563,6.3232,2.924e-05,0.097572,-0.000157,0.003932,-0.00214,0.002422,0.001301,0.001739,0.003953,-0.00535,0.001252,-0.000128,-4.6e-05,1.7e-05,0.005414,-0.000506,0.002449,-0.000329,0.001029,0.003733,-0.000158,-0.00059,-0.000402,0.002687,-0.00064,0.001064,-0.000914,-2.1e-05,0.001091
92,2026040600118,166,i,20260406,3046.168,233.824,6.0389,1e-07,7e-08,8e-08,5e-08,0.020731,2.3985,0.001502,5.0173,0.021649,20.16,19.83,2.5559,2.5783,0.003186,0.000984,-0.005243,0.00078,5.035e-05,0.022391,20.153,19.837,9.0336,7.0963,3.473e-05,0.098572,-0.00414,0.004471,-0.004048,0.002397,0.001745,0.001101,0.003884,-0.005206,0.002744,-0.000688,-0.000206,-0.000199,0.003861,-0.000339,0.002554,0.000245,0.001186,0.002425,0.00033,-0.000388,-0.000228,0.002363,-0.000563,0.000961,-0.000687,5.5e-05,0.001615
93,2026040600118,166,i,20260406,1523.243,246.31,6.0841,1e-07,3e-08,4e-08,1e-08,0.02,2.4747,0.001352,5.1172,0.021108,20.234,20.311,2.6267,2.5955,0.004507,0.00103,-0.003731,0.001002,4.389e-05,0.021876,20.227,20.315,8.9577,6.7946,2.875e-05,0.097222,0.008701,0.005336,-0.002269,0.001436,0.001072,0.001993,0.006334,-0.004573,0.000572,-0.000146,-1.9e-05,-4.5e-05,0.005232,-0.000843,0.002074,0.000254,0.001182,0.00357,0.00044,-0.000167,-0.000421,0.002928,-6.1e-05,0.001214,-0.001257,-0.000426,0.001224
94,2026040600118,166,i,20260406,1060.588,565.649,6.1312,1.7e-07,3e-08,3e-08,1e-08,0.02034,2.4448,0.001346,5.1718,0.021731,19.573,19.662,2.5716,2.5468,0.003843,0.000981,-0.004182,0.001131,4.943e-05,0.022649,19.565,19.666,8.1936,6.0389,3.095e-05,0.09769,-0.00969,0.003111,-0.002922,0.003148,0.000779,0.001048,-0.012007,-0.003472,0.002021,-0.000382,-0.000213,-0.000352,0.005044,0.000689,0.002256,-0.000564,0.001328,0.002266,-0.000402,-0.000267,-0.000364,0.001082,-0.000747,0.001451,-0.00103,0.000114,0.002103
95,2026040600118,175,i,20260406,3090.99,196.815,5.942,5e-08,4e-08,4e-08,0.0,0.020429,2.2743,0.002571,4.4278,0.022122,19.985,19.822,2.5295,2.5175,0.001953,0.00132,-0.001681,0.001528,5.032e-05,0.023398,19.98,19.824,6.9811,4.7497,2.661e-05,0.09909,-0.00493,0.00389,-0.001199,0.003389,0.000259,0.00123,-0.000899,-0.006771,0.001978,-7.1e-05,-0.000374,-0.000299,0.004145,-0.000173,0.003338,-0.000715,0.001155,0.001378,0.000146,1.7e-05,-0.00057,0.002744,-0.000711,0.001078,-0.000259,-0.000347,0.001589
96,2026040600118,175,i,20260406,3301.094,236.203,5.9501,7e-08,5e-08,5e-08,2e-08,0.020807,2.3016,0.002159,4.6411,0.022236,20.086,20.209,2.5179,2.5154,0.001518,0.001261,-0.00171,0.00153,5.086e-05,0.023509,20.082,20.211,6.9817,4.7709,2.701e-05,0.099257,0.006077,0.004087,-0.001181,0.003019,0.000708,0.001328,0.002741,-0.006746,0.000469,6e-05,4.3e-05,-0.000496,0.003818,-0.000755,0.003336,-0.000464,0.001003,0.001112,0.000162,0.000193,-0.000516,0.002776,-0.000392,0.000867,-0.000289,-0.000349,0.00152
97,2026040600118,175,i,20260406,3851.37,284.127,5.9474,1.1e-07,4e-08,3e-08,0.0,0.020556,2.2232,0.002798,4.3964,0.022591,20.363,20.131,2.487,2.4745,0.001529,0.001589,-0.001383,0.001712,5.465e-05,0.024076,20.359,20.132,6.3936,4.2398,2.73e-05,0.099074,0.004507,0.002813,-0.001099,0.003429,0.00051,0.001351,0.01045,-0.006621,-0.00012,0.000425,0.000371,-0.000478,0.003618,-0.001156,0.003481,-0.000263,0.001106,0.000878,0.000466,0.000691,-0.000658,0.003486,-0.000399,0.001173,0.000531,-0.000486,0.001415
98,2026040600118,175,i,20260406,2064.899,332.699,5.9324,9e-08,5e-08,5e-08,1e-08,0.020859,2.3401,0.002002,4.6204,0.02232,19.893,19.704,2.5185,2.5404,0.003289,0.00112,-0.002134,0.001303,4.561e-05,0.023362,19.887,19.708,7.7642,5.6334,2.687e-05,0.099837,-0.008358,0.004943,-0.001777,0.003217,0.000516,0.001307,-0.003714,-0.006049,0.002122,0.000383,-0.000538,-0.000633,0.004335,-0.000169,0.002662,-0.000476,0.001111,0.002397,9.9e-05,-0.000369,-0.000404,0.002137,-0.000303,0.001166,-0.001304,-0.000103,0.001685
99,2026040600118,175,i,20260406,1837.071,400.078,5.9291,4e-08,4e-08,4e-08,1e-08,0.020858,2.3453,0.001888,4.7353,0.022038,20.067,20.085,2.5463,2.5358,0.00306,0.00115,-0.002902,0.001365,4.697e-05,0.023091,20.06,20.089,7.7179,5.5364,2.826e-05,0.099387,0.002598,0.004603,-0.002048,0.002741,0.000753,0.001682,0.001803,-0.00593,0.001547,0.00036,-0.000247,-0.000608,0.004776,-0.000421,0.002721,-0.000173,0.001047,0.0023,0.000547,-0.000254,-0.0006,0.002599,-0.000286,0.001041,-0.00066,-0.000561,0.001634
100,2026040600118,184,i,20260406,3303.33,230.088,6.0393,1.9e-07,1.2e-07,1.3e-07,6e-08,0.020133,2.4375,0.001645,4.8508,0.021443,20.327,20.09,2.5005,2.7001,0.001748,0.001533,-0.005552,0.000751,3.892e-05,0.022266,20.324,20.106,8.5048,6.2574,2.238e-05,0.098265,0.003626,0.007949,-0.004008,0.001595,0.001429,0.002088,0.009236,-0.00843,0.001894,-0.000115,0.000207,1.9e-05,0.002777,-0.003557,0.002125,0.000998,0.001264,0.001019,0.000454,-0.000135,-9.5e-05,0.003286,0.000677,0.001322,6.2e-05,-0.000358,0.001041
101,2026040600118,184,i,20260406,1403.673,262.069,5.9143,1e-07,4e-08,4e-08,1e-08,0.020695,2.3198,0.002186,4.5459,0.02239,19.669,20.075,2.4355,2.5974,0.001468,0.00164,-0.003256,0.001115,4.798e-05,0.023575,19.668,20.085,7.1864,5.0006,2.617e-05,0.099505,0.001604,0.006599,-0.002329,0.002467,0.000942,0.001692,-0.009468,-0.006772,3e-06,0.000364,0.000163,-0.000527,0.002754,-0.000689,0.002941,0.000329,0.001174,0.001253,0.000642,7.2e-05,-0.000407,0.003065,-0.000135,0.001022,-0.000476,-0.00033,0.001423
102,2026040600118,184,i,20260406,553.255,267.801,5.8691,1.2e-07,8e-08,8e-08,5e-08,0.020424,2.2721,0.002637,4.4144,0.022264,20.249,19.804,2.4663,2.5812,0.000362,0.00168,-0.002682,0.001254,4.647e-05,0.023552,20.249,19.811,6.9264,4.688,2.239e-05,0.099316,-0.004672,0.006315,-0.002206,0.00307,0.000175,0.0016,0.006759,-0.006175,0.00072,-0.000172,0.000469,-0.000257,0.003431,-0.001709,0.003142,-0.000607,0.001578,0.000116,-0.000282,0.000897,-0.00081,0.003578,-2e-05,0.000892,0.000113,-0.000188,0.00087
103,2026040600118,184,i,20260406,1151.007,379.758,5.9291,8e-08,6e-08,6e-08,3e-08,0.02027,2.2778,0.002023,4.9753,0.021412,20.005,19.764,2.4471,2.5832,0.000762,0.001995,-0.003395,0.001184,6.966e-05,0.022757,20.004,19.776,6.5167,4.2635,4.159e-05,0.095625,-0.005967,0.005743,-0.002715,0.003179,0.000613,0.001368,-0.00024,-0.00573,0.000652,-0.000274,0.000422,-0.000372,0.001983,-0.000426,0.00327,-2.7e-05,0.001547,0.000546,0.000196,0.000191,-0.000527,0.004017,1.5e-05,0.001258,-0.000591,-0.000359,0.001247
104,2026040600118,184,i,20260406,3140.189,448.668,6.0621,1.2e-07,5e-08,7e-08,1e-08,0.019566,2.3291,0.002546,4.4351,0.021437,20.187,19.669,2.4382,2.7256,0.0013,0.001652,-0.004534,0.000608,4.796e-05,0.022301,20.186,19.686,8.1534,5.9017,2.965e-05,0.09756,-0.007518,0.007972,-0.004426,0.002844,0.001417,0.001246,0.004552,-0.0079,0.002289,-0.000137,6.7e-05,-0.000226,0.000318,-0.002031,0.002676,0.000433,0.001056,0.000639,0.000882,9e-06,-0.000341,0.003477,0.000225,0.001034,-0.000105,-0.00046,0.000918
